INSERT INTO permission VALUES ('can-login');
INSERT INTO permission VALUES ('countries.read');
INSERT INTO permission VALUES ('countries.write');
INSERT INTO permission VALUES ('coverage.read');
INSERT INTO permission VALUES ('coverage.write');
INSERT INTO permission VALUES ('diseases.write');
INSERT INTO permission VALUES ('estimates.read');
INSERT INTO permission VALUES ('estimates.read-unfinished');
INSERT INTO permission VALUES ('estimates.review');
INSERT INTO permission VALUES ('estimates.submit');
INSERT INTO permission VALUES ('estimates.write');
INSERT INTO permission VALUES ('modelling-groups.manage-members');
INSERT INTO permission VALUES ('modelling-groups.read');
INSERT INTO permission VALUES ('modelling-groups.write');
INSERT INTO permission VALUES ('models.read');
INSERT INTO permission VALUES ('models.write');
INSERT INTO permission VALUES ('responsibilities.read');
INSERT INTO permission VALUES ('responsibilities.write');
INSERT INTO permission VALUES ('roles.read');
INSERT INTO permission VALUES ('roles.write');
INSERT INTO permission VALUES ('scenarios.read');
INSERT INTO permission VALUES ('scenarios.write');
INSERT INTO permission VALUES ('touchstones.finish');
INSERT INTO permission VALUES ('touchstones.open');
INSERT INTO permission VALUES ('touchstones.prepare');
INSERT INTO permission VALUES ('touchstones.read');
INSERT INTO permission VALUES ('users.create');
INSERT INTO permission VALUES ('users.edit-all');
INSERT INTO permission VALUES ('users.read');
INSERT INTO permission VALUES ('vaccines.write');
INSERT INTO permission VALUES ('reports.read');
INSERT INTO permission VALUES ('reports.review');
INSERT INTO permission VALUES ('demographics.read');

INSERT INTO role VALUES (1, 'user', NULL, 'Log in');
INSERT INTO role VALUES (2, 'touchstone-preparer', NULL, 'Prepare touchstones');
INSERT INTO role VALUES (3, 'touchstone-reviewer', NULL, 'Review touchstones before marking as ''open''');
INSERT INTO role VALUES (4, 'coverage-provider', NULL, 'Upload coverage data');
INSERT INTO role VALUES (5, 'user-manager', NULL, 'Manage users and permissions');
INSERT INTO role VALUES (6, 'estimates-reviewer', NULL, 'Review uploaded burden estimates');
INSERT INTO role VALUES (7, 'reports-reader', NULL, 'Can access the reporting portal and view all published reports');
INSERT INTO role VALUES (8, 'reports-reviewer', NULL, 'Choose which reports to publish (and can view unpublished reports)');
INSERT INTO role VALUES (9, 'member', 'modelling-group', 'Member of the group');
INSERT INTO role VALUES (10, 'uploader', 'modelling-group', 'Upload burden estimates');
INSERT INTO role VALUES (11, 'submitter', 'modelling-group', 'Mark burden estimates as complete');
INSERT INTO role VALUES (12, 'user-manager', 'modelling-group', 'Manage group members and permissions');
INSERT INTO role VALUES (13, 'model-manager', 'modelling-group', 'Add new models and model versions');
ALTER SEQUENCE role_id_seq RESTART WITH 14;

INSERT INTO role_permission VALUES (1, 'can-login');
INSERT INTO role_permission VALUES (1, 'scenarios.read');
INSERT INTO role_permission VALUES (1, 'countries.read');
INSERT INTO role_permission VALUES (1, 'modelling-groups.read');
INSERT INTO role_permission VALUES (1, 'models.read');
INSERT INTO role_permission VALUES (1, 'touchstones.read');
INSERT INTO role_permission VALUES (1, 'responsibilities.read');
INSERT INTO role_permission VALUES (1, 'users.read');
INSERT INTO role_permission VALUES (1, 'demographics.read');
INSERT INTO role_permission VALUES (1, 'estimates.read');
INSERT INTO role_permission VALUES (2, 'diseases.write');
INSERT INTO role_permission VALUES (2, 'vaccines.write');
INSERT INTO role_permission VALUES (2, 'scenarios.write');
INSERT INTO role_permission VALUES (2, 'countries.write');
INSERT INTO role_permission VALUES (2, 'touchstones.prepare');
INSERT INTO role_permission VALUES (2, 'responsibilities.write');
INSERT INTO role_permission VALUES (2, 'coverage.read');
INSERT INTO role_permission VALUES (3, 'touchstones.open');
INSERT INTO role_permission VALUES (3, 'coverage.read');
INSERT INTO role_permission VALUES (4, 'coverage.read');
INSERT INTO role_permission VALUES (4, 'coverage.write');
INSERT INTO role_permission VALUES (5, 'users.create');
INSERT INTO role_permission VALUES (5, 'users.edit-all');
INSERT INTO role_permission VALUES (5, 'roles.read');
INSERT INTO role_permission VALUES (5, 'roles.write');
INSERT INTO role_permission VALUES (5, 'modelling-groups.write');
INSERT INTO role_permission VALUES (6, 'estimates.review');
INSERT INTO role_permission VALUES (6, 'estimates.read-unfinished');
INSERT INTO role_permission VALUES (7, 'reports.read');
INSERT INTO role_permission VALUES (8, 'reports.read');
INSERT INTO role_permission VALUES (8, 'reports.review');
INSERT INTO role_permission VALUES (9, 'estimates.read-unfinished');
INSERT INTO role_permission VALUES (9, 'coverage.read');
INSERT INTO role_permission VALUES (10, 'estimates.write');
INSERT INTO role_permission VALUES (11, 'estimates.submit');
INSERT INTO role_permission VALUES (12, 'modelling-groups.manage-members');
INSERT INTO role_permission VALUES (12, 'users.create');
INSERT INTO role_permission VALUES (12, 'roles.write');
INSERT INTO role_permission VALUES (13, 'models.write');
